{
  "Id": 999999,
  "CommonName": "QV Business SSL 10 SAN - Admin generate",
  "TemplateName": "QV Business SSL 10 SAN - Admin generate",
  "Oid": "Replace OID",
  "KeySize": "2048",
  "KeyType": "RSA",
  "ForestRoot": "keyfactor.lab",
  "FriendlyName": "Replace Friendly Name",
  "KeyRetention": "AfterExpiration",
  "KeyRetentionDays": 55,
  "KeyArchival": false,
  "EnrollmentFields": [
	{
      "Id": 2229339,
      "Name": "Enrollment Type",
      "Options": [
        "SSLRequest"
      ],
      "DataType": 2
    },
	{
      "Id": 2229541,
      "Name": "Subscriber Email",
      "Options": [
        ""
      ],
      "DataType": 1
    }
  ],
  "AllowedEnrollmentTypes": 7,
  "TemplateRegexes": [],
  "UseAllowedRequesters": false,
  "AllowedRequesters": [],
  "DisplayName": "Replace Display Name"
}