{
  "Id": 999999,
  "CommonName": "SMIME Client Side Key Gen",
  "TemplateName": "SMIME Client Side Key Gen",
  "Oid": "Replace OID",
  "KeySize": "2048",
  "KeyType": "RSA",
  "ForestRoot": "keyfactor.lab",
  "FriendlyName": "Replace Friendly Name",
  "KeyRetention": "AfterExpiration",
  "KeyRetentionDays": 55,
  "KeyArchival": false,
  "EnrollmentFields": [
    {
      "Id": 2227339,
      "Name": "Enrollment Type",
      "Options": [
        "InitiateInviteRequest"
      ],
      "DataType": 2
    },    
	{
      "Id": 2227340,
      "Name": "Validity Period",
      "Options": [
        "1",
        "2",
        "3",
        "4",
        "5",
        "6"
      ],
      "DataType": 2
    },
	{
      "Id": 2227341,
      "Name": "Admin Email",
      "Options": [
        ""
      ],
      "DataType": 1
    },
    {
      "Id": 2227342,
      "Name": "Country",
      "Options": [
        ""
      ],
      "DataType": 1
    },
    {
      "Id": 2227343,
      "Name": "Password",
      "Options": [
        ""
      ],
      "DataType": 1
    }
  ],
  "AllowedEnrollmentTypes": 7,
  "TemplateRegexes": [],
  "UseAllowedRequesters": false,
  "AllowedRequesters": [],
  "DisplayName": "Replace Display Name"
}